{"cameraMode":{"drawMode":0,"name":"Shaded","section":"Shading Mode"},"sceneLighting":true,"audioPlay":false,"sceneViewState":{"showFog":true,"showMaterialUpdate":true,"showSkybox":true,"showFlares":true,"showImageEffects":true,"showParticleSystems":true},"in2DMode":false,"pivot":{"x":-0.18507599830627442,"y":2.781790256500244,"z":-13.728950500488282},"rotation":{"x":0.005183925852179527,"y":0.9944254159927368,"z":-0.06065037101507187,"w":0.08767252415418625},"size":10.0,"orthographic":false}